[
    {
        "_id": "5f554836c3cd0d25186a215e",
        "title": "Portland Police arrest over 50 people on 100th consecutive night of demonstrations",
        "description": "The arrests came after some people in the crowd threw multiple fire bombs at officers, one of which set a community member on fire, police said. Officers located the injured person, who was treated by Portland Fire and Rescue and then taken to a hospital in a private vehicle, police said.",
        "url": "https://www.cnn.com/2020/09/06/us/portland-protest-100-days/index.html",
        "url_image": "https://cdn.cnn.com/cnnnext/dam/assets/200906094547-03-portland-protests-0905-exlarge-169.jpg",
        "category": "General",
        "published_at": "2020-09-06T20:35:00.000Z",
        "__v": 0
    },
    {
        "_id": "5f5535105b60392a9c8ac699",
        "title": "The Labor Day gatherings health experts warned against during the coronavirus pandemic are popping up all over the US",
        "description": "Covid-19 doesn't have to stop Labor Day celebrations, health experts said this week. But with more than 6.2 million Americans infected with the virus and a death toll of 188,538 from the disease, according to data from Johns Hopkins University, the festivities should look a lot different this year. To avoid outbreaks, experts including Dr. Anthony Fauci, director of the National Institute of Allergy and Infectious Diseases, said people should continue to keep distance, wear masks and avoid groups as they enjoy the weekend.",
        "url": "https://www.cnn.com/2020/09/06/health/us-coronavirus-sunday/index.html",
        "url_image": "https://cdn.cnn.com/cnnnext/dam/assets/200904070917-coronavirus-vaccine-lab-exlarge-169.jpg",
        "category": "General",
        "published_at": "2020-09-06T19:13:00.000Z",
        "__v": 0
    },
    {
        "_id": "5f5534d95b60392a9c8ac698",
        "title": "Putin's vaccine meets opposition from frontline workers in Russia",
        "description": "Vladimir Putin announced the approval of Russia's Sputnik-V coronavirus vaccine on August 11 amid much fanfare, saying it works quite effectively in forming a stable immunity.",
        "url": "https://www.cnn.com/2020/09/06/europe/russia-vaccine-putin-opposition-intl/index.html",
        "url_image": "https://cdn.cnn.com/cnnnext/dam/assets/200902131042-russia-school-reopen-2-exlarge-169.jpg",
        "category": "General",
        "published_at": "2020-09-06T19:12:00.000Z",
        "__v": 0
    },
    {
        "_id": "5f55348f5b60392a9c8ac697",
        "title": "Russian interference could theoretically cost Democrats presidential elections: Kamala Harris",
        "description": "WASHINGTON: Russian interference could theoretically cost Democrats the presidential elections, party's vice-president candidate Senator Kamala Harris said on Sunday ",
        "url": "http://timesofindia.indiatimes.com/articleshow/77965523.cms?utm_source=contentofinterest&utm_medium=text&utm_campaign=cppst",
        "url_image": "https://static.toiimg.com/thumb/msid-77965522,imgsize-58585,width-400,resizemode-4/77965522.jpg",
        "category": "General",
        "published_at": "2020-09-06T19:09:00.000Z",
        "__v": 0
    },
    {
        "_id": "5f55239c5b60392a9c8ac696",
        "title": "A New Front in America’s Pandemic: College Towns",
        "description": "The coronavirus is spiking around campuses from Texas to Iowa to North Carolina as students return.",
        "url": "https://www.nytimes.com/2020/09/06/us/colleges-coronavirus-students.html",
        "url_image": "https://www.nytimes.com/2020/09/06/us/colleges-coronavirus-students.html",
        "category": "General",
        "published_at": "2020-09-06T17:59:27.000Z",
        "__v": 0
    },
    {
        "_id": "5f579e7109ab144698339eff",
        "title": "Serena Williams fights off Maria Sakkari, advances to U.S. Open quarterfinals",
        "description": " Her recent September pattern is well-established by now. Serena Williams spends the entire fortnight at the U.S. Open carving up her opponents as if her racket were an electric knife. Then the end comes, and her knife morphs into a pair of safety scissors. ",
        "url": "https://www.usatoday.com/story/sports/tennis/open/2020/09/07/serena-williams-advances-u-s-open-quarterfinal-beats-maria-sakkari/5739160002/",
        "url_image": "https://www.gannett-cdn.com/presto/2020/09/07/USAT/452cd161-44bd-4715-8218-f628833b1f74-swilliams.jpg?width=660&height=367&fit=crop&format=pjpg&auto=webp",
        "category": "Sports",
        "published_at": "2020-09-08T15:07:10.000Z",
        "__v": 0
    },
    {
        "_id": "5f57968b09ab144698339efe",
        "title": "These nine NFL QBs are facing immense pressure to deliver in 2020 season",
        "description": "After an offseason and preseason like none other, the NFL’s 2020 regular season will kick off this week, beginning with Thursday night’s opener between the Houston Texans and hosting Kansas City Chiefs. The kickoff contest features a matchup of two of the league's premier young quarterbacks, Deshaun Watson and Patrick Mahomes, who this offseason became the two highest-paid players in the NFL.",
        "url": "https://www.usatoday.com/story/sports/nfl/columnist/mike-jones/2020/09/08/nfl-quarterbacks-pressure-mitchell-trubisky-aaron-rodgers-cam-newton/5738847002/",
        "url_image": "https://www.gannett-cdn.com/presto/2020/09/07/USAT/c6d7fe53-0f6d-4dba-8549-e615b793dba6-USATSI_14803477.jpg?width=660&height=440&fit=crop&format=pjpg&auto=webp",
        "category": "Sports",
        "published_at": "2020-09-08T14:33:37.000Z",
        "__v": 0
    },
    {
        "_id": "5f578b7109ab144698339efd",
        "title": "Dustin Johnson polishes off tour de force stretch by winning FedEx Cup title and $15 million",
        "description": "Johnson, who began the tournament with a two-shot lead as the No. 1 seed due to the staggered scoring format and led by five entering the final round after a sizzling 64 in Sunday’s third round, had to work hard to hold off Xander Schauffele and Justin Thomas to win the FedEx Cup and $15 million",
        "url": "https://golfweek.usatoday.com/2020/09/07/pga-tour-championship-fedex-cup/?_ga=2.69319637.471741962.1599572680-1938436616.1599572680",
        "url_image": "https://golfweek.usatoday.com/wp-content/uploads/sites/87/2020/09/1271219473.jpg?w=1000&h=600&crop=1",
        "category": "Sports",
        "published_at": "2020-09-08T13:46:18.000Z",
        "__v": 0
    },
    {
        "_id": "5f5504a8026e8c2b90dc164f",
        "title": "I have not given up hope on Test comeback: Shikhar Dhawan ",
        "description": "Out of reckoning for Test cricket for the past two yearsopening batsman Shikhar Dhawan on Sunday said he has not given up hope on returning to the indian test team as he says continuous training will help him",
        "url": "http://timesofindia.indiatimes.com/articleshow/77964241.cms?utm_source=contentofinterest&utm_medium=text&utm_campaign=cppst",
        "url_image": "https://static.toiimg.com/thumb/msid-77964308,imgsize-40457,width-400,resizemode-4/77964308.jpg",
        "category": "Sports",
        "published_at": "2020-09-06T15:42:00.000Z",
        "__v": 0
    },
    {
        "_id": {
            "$oid": "5f5a66790cf26123c48a7707"
        },
        "title": "Coronavirus news: England bans social gatherings above 6 for the 'foreseeable future'",
        "description": "Live updates: The new rules will take effect Monday and be enforceable by law.",
        "url": "https://abcnews.go.com/Health/live-updates/coronavirus/?id=72895433&cid=clicksource_4380645_1_heads_hero_live_hero_hed",
        "url_image": "https://s.france24.com/media/display/cdffd284-f25b-11ea-8bda-005056a98db9/w:1280/p:16x9/2020-09-08T195146Z_891126559_RC2JUI9SEJ1H_RTRMADP_3_HEALTH-CORONAVIRUS-BRITAIN.webp",
        "category": "General",
        "published_at": {
            "$date": "2020-09-10T17:44:04Z"
        },
        "__v": 0
    },
    {
        "_id": "5f5a6f5b5ae86f3ac408b6f6",
        "title": "Wildfires rage in California and other Western states",
        "description": "Multiple fast-moving wildfires continued burning across California, Oregon, and Washington this week, threatening people and homes in their paths. At least seven people have died from the wildfires ravaging the West Coast.",
        "url": "https://www.foxnews.com/us/live-updates-wildfires-rage-in-california-oregon-and-washington",
        "url_image": "https://a57.foxnews.com/static.foxnews.com/foxnews.com/content/uploads/2020/09/920/518/californiafire_4.jpg?ve=1&tl=1",
        "category": "General",
        "published_at": "2020-09-10T18:23:56.000Z",
        "__v": 0
    },
    {
        "_id": "5f5a6ee15ae86f3ac408b6f5",
        "title": "Nana to become hurricane before landfall in Belize, Tropical Storm Omar moves away from US",
        "description": "The U.S. National Hurricane Center (NHC) in Miami said Wednesday that aircraft data from an Air Force Reserve Hurricane Hunter plane shows that Nana continues westward with little change in strength.",
        "url": "https://www.foxnews.com/world/tropical-storm-nana-hurricane-landfall-belize-tropical-storm-omar-atlantic-ocean-hurricane-season-weather",
        "url_image": "https://a57.foxnews.com/static.foxnews.com/foxnews.com/content/uploads/2020/09/1862/1048/TS_Nana_1.jpg?ve=1&tl=1",
        "category": "General",
        "published_at": "2020-09-10T18:21:54.000Z",
        "__v": 0
    },
    {
        "_id": "5f5a6e4e5ae86f3ac408b6f4",
        "title": "Fire breaks out at Beirut port a month after deadly explosion",
        "description": "A massive fire has broken out at Beirut port on Thursday, a little more than a month since a huge blast devastated the port facilities and surrounding area.",
        "url": "https://www.foxnews.com/world/fire-beirut-port-month-after-deadly-explosion",
        "url_image": "https://a57.foxnews.com/static.foxnews.com/foxnews.com/content/uploads/2020/09/920/518/beirut-fire-1-Reuters.jpg?ve=1&tl=1",
        "category": "General",
        "published_at": "2020-09-10T18:19:25.000Z",
        "__v": 0
    }
]